{
    "Logistic Regression": {
        "accuracy": 0.9824561403508771,
        "precision": 0.9861111111111112,
        "recall": 0.9861111111111112,
        "f1": 0.9861111111111112,
        "recall_malignant": 0.9761904761904762,
        "recall_benign": 0.9861111111111112,
        "roc_auc": 0.9953703703703703
    },
    "Random Forest": {
        "accuracy": 0.956140350877193,
        "precision": 0.958904109589041,
        "recall": 0.9722222222222222,
        "f1": 0.9655172413793104,
        "recall_malignant": 0.9285714285714286,
        "recall_benign": 0.9722222222222222,
        "roc_auc": 0.9932208994708995
    },
    "SVM": {
        "accuracy": 0.9824561403508771,
        "precision": 0.9861111111111112,
        "recall": 0.9861111111111112,
        "f1": 0.9861111111111112,
        "recall_malignant": 0.9761904761904762,
        "recall_benign": 0.9861111111111112,
        "roc_auc": 0.9950396825396826
    }
}