{
    "Logistic Regression": {
        "base": {
            "accuracy": 0.9824561403508771,
            "precision": 0.9824561403508771,
            "f1": 0.9824561403508771,
            "recall_malignant": 0.9761904761904762,
            "recall_benign": 0.9861111111111112,
            "roc_auc": 0.9953703703703705,
            "brier_score": 0.021541277444042405
        },
        "calibrated": {
            "accuracy": 0.9649122807017544,
            "precision": 0.966759002770083,
            "f1": 0.9645092460881936,
            "recall_malignant": 0.9047619047619048,
            "recall_benign": 1.0,
            "roc_auc": 0.9950396825396826,
            "brier_score": 0.05057258175874315
        }
    },
    "Random Forest": {
        "base": {
            "accuracy": 0.956140350877193,
            "precision": 0.9560729421281235,
            "f1": 0.9560273762928302,
            "recall_malignant": 0.9285714285714286,
            "recall_benign": 0.9722222222222222,
            "roc_auc": 0.9932208994708995,
            "brier_score": 0.03299473684210527
        },
        "calibrated": {
            "accuracy": 0.9210526315789473,
            "precision": 0.9262756764887768,
            "f1": 0.9218503375891834,
            "recall_malignant": 0.9523809523809523,
            "recall_benign": 0.9027777777777778,
            "roc_auc": 0.9887566137566137,
            "brier_score": 0.05570548171793067
        }
    },
    "SVM": {
        "base": {
            "accuracy": 0.9824561403508771,
            "precision": 0.9824561403508771,
            "f1": 0.9824561403508771,
            "recall_malignant": 0.9761904761904762,
            "recall_benign": 0.9861111111111112,
            "roc_auc": 0.9950396825396826,
            "brier_score": 0.02376057641284038
        },
        "calibrated": {
            "accuracy": 0.9298245614035088,
            "precision": 0.9310663021189336,
            "f1": 0.9301463616460083,
            "recall_malignant": 0.9285714285714286,
            "recall_benign": 0.9305555555555556,
            "roc_auc": 0.990410052910053,
            "brier_score": 0.053980664774851736
        }
    }
}