{
    "Logistic Regression": {
        "base": {
            "accuracy": 0.9824561403508771,
            "precision": 0.9861111111111112,
            "recall": 0.9861111111111112,
            "f1": 0.9861111111111112,
            "recall_malignant": 0.9761904761904762,
            "recall_benign": 0.9861111111111112,
            "roc_auc": 0.9953703703703703,
            "brier_score": 0.021541277444042405
        },
        "calibrated": {
            "accuracy": 0.9912280701754386,
            "precision": 0.9863013698630136,
            "recall": 1.0,
            "f1": 0.993103448275862,
            "recall_malignant": 0.9761904761904762,
            "recall_benign": 1.0,
            "roc_auc": 0.996031746031746,
            "brier_score": 0.02704937527298158
        }
    },
    "Random Forest": {
        "base": {
            "accuracy": 0.956140350877193,
            "precision": 0.958904109589041,
            "recall": 0.9722222222222222,
            "f1": 0.9655172413793104,
            "recall_malignant": 0.9285714285714286,
            "recall_benign": 0.9722222222222222,
            "roc_auc": 0.9932208994708995,
            "brier_score": 0.032994736842105264
        },
        "calibrated": {
            "accuracy": 0.956140350877193,
            "precision": 0.958904109589041,
            "recall": 0.9722222222222222,
            "f1": 0.9655172413793104,
            "recall_malignant": 0.9285714285714286,
            "recall_benign": 0.9722222222222222,
            "roc_auc": 0.9927248677248677,
            "brier_score": 0.033747334969331445
        }
    },
    "SVM": {
        "base": {
            "accuracy": 0.9824561403508771,
            "precision": 0.9861111111111112,
            "recall": 0.9861111111111112,
            "f1": 0.9861111111111112,
            "recall_malignant": 0.9761904761904762,
            "recall_benign": 0.9861111111111112,
            "roc_auc": 0.9950396825396826,
            "brier_score": 0.023760576412840385
        },
        "calibrated": {
            "accuracy": 0.9824561403508771,
            "precision": 0.9861111111111112,
            "recall": 0.9861111111111112,
            "f1": 0.9861111111111112,
            "recall_malignant": 0.9761904761904762,
            "recall_benign": 0.9861111111111112,
            "roc_auc": 0.9950396825396826,
            "brier_score": 0.026479621672383834
        }
    }
}