{
    "Deep Learning": {
        "accuracy": 0.956140350877193,
        "precision": 0.9580981439105009,
        "f1": 0.9564299597121931,
        "recall_malignant": 0.9761904761904762,
        "recall_benign": 0.9444444444444444
    }
}