{
    "Deep Learning": {
        "accuracy": 0.956140350877193,
        "precision": 0.9855072463768116,
        "recall": 0.9444444444444444,
        "f1": 0.9645390070921985,
        "recall_malignant": 0.9761904761904762,
        "recall_benign": 0.9444444444444444
    }
}