{
    "Logistic Regression": {
        "accuracy": 0.9824561403508771,
        "precision": 0.9861111111111112,
        "recall": 0.9861111111111112,
        "f1": 0.9861111111111112
    },
    "Random Forest": {
        "accuracy": 0.956140350877193,
        "precision": 0.958904109589041,
        "recall": 0.9722222222222222,
        "f1": 0.9655172413793104
    },
    "SVM": {
        "accuracy": 0.9824561403508771,
        "precision": 0.9861111111111112,
        "recall": 0.9861111111111112,
        "f1": 0.9861111111111112
    }
}